PassengerId,Survived,Name,Age,Fare,Surname
1,0,"Braund, Mr. Owen Harris",22,7.25,Braund
2,1,"Cumings, Mrs. John Bradley (Florence Briggs Thayer)",38,71.2833,Cumings
3,1,"Heikkinen, Miss. Laina",26,7.925,Heikkinen
4,1,"Futrelle, Mrs. Jacques Heath (Lily May Peel)",35,53.1,Futrelle
5,0,"Allen, Mr. William Henry",35,8.05,Allen
6,0,"Moran, Mr. James",,8.4583,Moran
7,0,"McCarthy, Mr. Timothy J",54,51.8625,McCarthy
8,0,"Palsson, Master. Gosta Leonard",2,21.075,Palsson
9,1,"Johnson, Mrs. Oscar W (Elisabeth Vilhelmina Berg)",27,11.1333,Johnson
10,1,"Nasser, Mrs. Nicholas (Adele Achem)",14,30.0708,Nasser
11,1,"Sandstrom, Miss. Marguerite Rut",4,16.7,Sandstrom
12,1,"Bonnell, Miss. Elizabeth",58,26.55,Bonnell
13,0,"Saundercock, Mr. William Henry",20,8.05,Saundercock
14,0,"Andersson, Mr. Anders Johan",39,31.275,Andersson
15,0,"Vestrom, Miss. Hulda Amanda Adolfina",14,7.8542,Vestrom
16,1,"Hewlett, Mrs. (Mary D Kingcome)",55,16.0,Hewlett
17,0,"Rice, Master. Eugene",2,29.125,Rice
18,1,"Williams, Mr. Charles Eugene",,13.0,Williams
19,0,"Vander Planke, Mrs. Julius (Emelia Maria Vandemoortele)",31,18.0,Vander Planke
20,1,"Masselmani, Mrs. Fatima",,7.225,Masselmani
21,0,"Fynney, Mr. Joseph J",35,26.0,Fynney
22,1,"Beesley, Mr. Lawrence",34,13.0,Beesley
23,1,"\"McGowan, Miss. Anna \"\"Annie\"\"\"",15,8.0292,"\"McGowan"
24,1,"Sloper, Mr. William Thompson",28,35.5,Sloper
25,0,"Palsson, Miss. Torborg Danira",8,21.075,Palsson
26,1,"Asplund, Mrs. Carl Oscar (Selma Augusta Emilia Johansson)",38,31.3875,Asplund
27,0,"Emir, Mr. Farred Chehab",,7.225,Emir
28,0,"Fortune, Mr. Charles Alexander",19,263.0,Fortune
29,1,"\"O'Dwyer, Miss. Ellen \"\"Nellie\"\"\"",,7.8792,"\"O'Dwyer"
30,0,"Todoroff, Mr. Lalio",,7.8958,Todoroff
31,0,"Uruchurtu, Don. Manuel E",40,27.7208,Uruchurtu
32,1,"Spencer, Mrs. William Augustus (Marie Eugenie)",,146.5208,Spencer
33,1,"Glynn, Miss. Mary Agatha",,7.75,Glynn
34,0,"Wheadon, Mr. Edward H",66,10.5,Wheadon
35,0,"Meyer, Mr. Edgar Joseph",28,82.1708,Meyer
36,0,"Holverson, Mr. Alexander Oskar",42,52.0,Holverson
37,1,"Mamee, Mr. Hanna",,7.2292,Mamee
38,0,"Cann, Mr. Ernest Charles",21,8.05,Cann
39,0,"Vander Planke, Miss. Augusta Maria",18,18.0,Vander Planke
40,1,"Nicola-Yarred, Miss. Jamila",14,11.2417,Nicola-Yarred
41,0,"Ahlin, Mrs. Johan (Johanna Persdotter Larsson)",40,9.475,Ahlin
42,0,"Turpin, Mrs. William John Robert (Dorothy Ann Wonnacott)",27,21.0,Turpin
43,0,"Kraeff, Mr. Theodor",,7.8958,Kraeff
44,1,"Laroche, Miss. Simonne Marie Anne Andree",3,41.5792,Laroche
45,1,"Devaney, Miss. Margaret Delia",19,7.8792,Devaney
46,0,"Rogers, Mr. William John",,8.05,Rogers
47,0,"Lennon, Mr. Denis",,15.5,Lennon
48,1,"O'Driscoll, Miss. Bridget",,7.75,O'Driscoll
49,0,"Samaan, Mr. Youssef",,21.6792,Samaan
50,0,"Arnold-Franchi, Mrs. Josef (Josefine Franchi)",18,17.8,Arnold-Franchi
51,0,"Panula, Master. Juha Niilo",7,39.6875,Panula
52,0,"Nosworthy, Mr. Richard Cater",21,7.8,Nosworthy
53,1,"Harper, Mrs. Henry Sleeper (Myna Haxtun)",49,76.7292,Harper
54,1,"Faunthorpe, Mrs. Lizzie (Elizabeth Anne Wilkinson)",29,26.0,Faunthorpe
55,0,"Ostby, Mr. Engelhart Cornelius",65,61.9792,Ostby
56,1,"Woolner, Mr. Hugh",,35.5,Woolner
57,1,"Rugg, Miss. Emily",21,10.5,Rugg
58,0,"Novel, Mr. Mansouer",28.5,7.2292,Novel
59,1,"West, Miss. Constance Mirium",5,27.75,West
60,0,"Goodwin, Master. William Frederick",11,46.9,Goodwin
61,0,"Sirayanian, Mr. Orsen",22,7.2292,Sirayanian
62,1,"Icard, Miss. Amelie",38,80.0,Icard
63,0,"Harris, Mr. Henry Birkhardt",45,83.475,Harris
64,0,"Skoog, Master. Harald",4,27.9,Skoog
65,0,"Stewart, Mr. Albert A",,27.7208,Stewart
66,1,"Moubarek, Master. Gerios",,15.2458,Moubarek
67,1,"Nye, Mrs. (Elizabeth Ramell)",29,10.5,Nye
68,0,"Crease, Mr. Ernest James",19,8.1583,Crease
69,1,"Andersson, Miss. Erna Alexandra",17,7.925,Andersson
70,0,"Kink, Mr. Vincenz",26,8.6625,Kink
71,0,"Jenkin, Mr. Stephen Curnow",32,10.5,Jenkin
72,0,"Goodwin, Miss. Lillian Amy",16,46.9,Goodwin
73,0,"Hood, Mr. Ambrose Jr",21,73.5,Hood
74,0,"Chronopoulos, Mr. Apostolos",26,14.4542,Chronopoulos
75,1,"Bing, Mr. Lee",32,56.4958,Bing
76,0,"Moen, Mr. Sigurd Hansen",25,7.65,Moen
77,0,"Staneff, Mr. Ivan",,7.8958,Staneff
78,0,"Moutal, Mr. Rahamin Haim",,8.05,Moutal
79,1,"Caldwell, Master. Alden Gates",0.83,29.0,Caldwell
80,1,"Dowdell, Miss. Elizabeth",30,12.475,Dowdell
81,0,"Waelens, Mr. Achille",22,9.0,Waelens
82,1,"Sheerlinck, Mr. Jan Baptist",29,9.5,Sheerlinck
83,1,"McDermott, Miss. Brigdet Delia",,7.7875,McDermott
84,0,"Carrau, Mr. Francisco M",28,47.1,Carrau
85,1,"Ilett, Miss. Bertha",17,10.5,Ilett
86,1,"Backstrom, Mrs. Karl Alfred (Maria Mathilda Gustafsson)",33,15.85,Backstrom
87,0,"Ford, Mr. William Neal",16,34.375,Ford
88,0,"Slocovski, Mr. Selman Francis",,8.05,Slocovski
89,1,"Fortune, Miss. Mabel Helen",23,263.0,Fortune
90,0,"Celotti, Mr. Francesco",24,8.05,Celotti
91,0,"Christmann, Mr. Emil",29,8.05,Christmann
92,0,"Andreasson, Mr. Paul Edvin",20,7.8542,Andreasson
93,0,"Chaffee, Mr. Herbert Fuller",46,61.175,Chaffee
94,0,"Dean, Mr. Bertram Frank",26,20.575,Dean
95,0,"Coxon, Mr. Daniel",59,7.25,Coxon
96,0,"Shorney, Mr. Charles Joseph",,8.05,Shorney
97,0,"Goldschmidt, Mr. George B",71,34.6542,Goldschmidt
98,1,"Greenfield, Mr. William Bertram",23,63.3583,Greenfield
99,1,"Doling, Mrs. John T (Ada Julia Bone)",34,23.0,Doling
100,0,"Kantor, Mr. Sinai",34,26.0,Kantor
101,0,"Petranec, Miss. Matilda",28,7.8958,Petranec
102,0,"\"Petroff, Mr. Pastcho (\"\"Pentcho\"\")\"",,7.8958,"\"Petroff"
103,0,"White, Mr. Richard Frasar",21,77.2875,White
104,0,"Johansson, Mr. Gustaf Joel",33,8.6542,Johansson
105,0,"Gustafsson, Mr. Anders Vilhelm",37,7.925,Gustafsson
106,0,"Mionoff, Mr. Stoytcho",28,7.8958,Mionoff
107,1,"Salkjelsvik, Miss. Anna Kristine",21,7.65,Salkjelsvik
108,1,"Moss, Mr. Albert Johan",,7.775,Moss
109,0,"Rekic, Mr. Tido",38,7.8958,Rekic
110,1,"Moran, Miss. Bertha",,24.15,Moran
111,0,"Porter, Mr. Walter Chamberlain",47,52.0,Porter
112,0,"Zabour, Miss. Hileni",14.5,14.4542,Zabour
113,0,"Barton, Mr. David John",22,8.05,Barton
114,0,"Jussila, Miss. Katriina",20,9.825,Jussila
115,0,"Attalah, Miss. Malake",17,14.4583,Attalah
116,0,"Pekoniemi, Mr. Edvard",21,7.925,Pekoniemi
117,0,"Connors, Mr. Patrick",70.5,7.75,Connors
118,0,"Turpin, Mr. William John Robert",29,21.0,Turpin
119,0,"Baxter, Mr. Quigg Edmond",24,247.5208,Baxter
120,0,"Andersson, Miss. Ellis Anna Maria",2,31.275,Andersson
121,0,"Hickman, Mr. Stanley George",21,73.5,Hickman
122,0,"Moore, Mr. Leonard Charles",,8.05,Moore
123,0,"Nasser, Mr. Nicholas",32.5,30.0708,Nasser
124,1,"Webber, Miss. Susan",32.5,13.0,Webber
125,0,"White, Mr. Percival Wayland",54,77.2875,White
126,1,"Nicola-Yarred, Master. Elias",12,11.2417,Nicola-Yarred
127,0,"McMahon, Mr. Martin",,7.75,McMahon
128,1,"Madsen, Mr. Fridtjof Arne",24,7.1417,Madsen
129,1,"Peter, Miss. Anna",,22.3583,Peter
130,0,"Ekstrom, Mr. Johan",45,6.975,Ekstrom
131,0,"Drazenoic, Mr. Jozef",33,7.8958,Drazenoic
132,0,"Coelho, Mr. Domingos Fernandeo",20,7.05,Coelho
133,0,"Robins, Mrs. Alexander A (Grace Charity Laury)",47,14.5,Robins
134,1,"Weisz, Mrs. Leopold (Mathilde Francoise Pede)",29,26.0,Weisz
135,0,"Sobey, Mr. Samuel James Hayden",25,13.0,Sobey
136,0,"Richard, Mr. Emile",23,15.0458,Richard
137,1,"Newsom, Miss. Helen Monypeny",19,26.2833,Newsom
138,0,"Futrelle, Mr. Jacques Heath",37,53.1,Futrelle
139,0,"Osen, Mr. Olaf Elon",16,9.2167,Osen
140,0,"Giglio, Mr. Victor",24,79.2,Giglio
141,0,"Boulos, Mrs. Joseph (Sultana)",,15.2458,Boulos
142,1,"Nysten, Miss. Anna Sofia",22,7.75,Nysten
143,1,"Hakkarainen, Mrs. Pekka Pietari (Elin Matilda Dolck)",24,15.85,Hakkarainen
144,0,"Burke, Mr. Jeremiah",19,6.75,Burke
145,0,"Andrew, Mr. Edgardo Samuel",18,11.5,Andrew
146,0,"Nicholls, Mr. Joseph Charles",19,36.75,Nicholls
147,1,"\"Andersson, Mr. August Edvard (\"\"Wennerstrom\"\")\"",27,7.7958,"\"Andersson"
148,0,"\"Ford, Miss. Robina Maggie \"\"Ruby\"\"\"",9,34.375,"\"Ford"
149,0,"\"Navratil, Mr. Michel (\"\"Louis M Hoffman\"\")\"",36.5,26.0,"\"Navratil"
150,0,"Byles, Rev. Thomas Roussel Davids",42,13.0,Byles
151,0,"Bateman, Rev. Robert James",51,12.525,Bateman
152,1,"Pears, Mrs. Thomas (Edith Wearne)",22,66.6,Pears
153,0,"Meo, Mr. Alfonzo",55.5,8.05,Meo
154,0,"van Billiard, Mr. Austin Blyler",40.5,14.5,van Billiard
155,0,"Olsen, Mr. Ole Martin",,7.3125,Olsen
156,0,"Williams, Mr. Charles Duane",51,61.3792,Williams
157,1,"\"Gilnagh, Miss. Katherine \"\"Katie\"\"\"",16,7.7333,"\"Gilnagh"
158,0,"Corn, Mr. Harry",30,8.05,Corn
159,0,"Smiljanic, Mr. Mile",,8.6625,Smiljanic
160,0,"Sage, Master. Thomas Henry",,69.55,Sage
161,0,"Cribb, Mr. John Hatfield",44,16.1,Cribb
162,1,"\"Watt, Mrs. James (Elizabeth \"\"Bessie\"\" Inglis Milne)\"",40,15.75,"\"Watt"
163,0,"Bengtsson, Mr. John Viktor",26,7.775,Bengtsson
164,0,"Calic, Mr. Jovo",17,8.6625,Calic
165,0,"Panula, Master. Eino Viljami",1,39.6875,Panula
166,1,"\"Goldsmith, Master. Frank John William \"\"Frankie\"\"\"",9,20.525,"\"Goldsmith"
167,1,"Chibnall, Mrs. (Edith Martha Bowerman)",,55.0,Chibnall
168,0,"Skoog, Mrs. William (Anna Bernhardina Karlsson)",45,27.9,Skoog
169,0,"Baumann, Mr. John D",,25.925,Baumann
170,0,"Ling, Mr. Lee",28,56.4958,Ling
171,0,"Van der hoef, Mr. Wyckoff",61,33.5,Van der hoef
172,0,"Rice, Master. Arthur",4,29.125,Rice
173,1,"Johnson, Miss. Eleanor Ileen",1,11.1333,Johnson
174,0,"Sivola, Mr. Antti Wilhelm",21,7.925,Sivola
175,0,"Smith, Mr. James Clinch",56,30.6958,Smith
176,0,"Klasen, Mr. Klas Albin",18,7.8542,Klasen
177,0,"Lefebre, Master. Henry Forbes",,25.4667,Lefebre
178,0,"Isham, Miss. Ann Elizabeth",50,28.7125,Isham
179,0,"Hale, Mr. Reginald",30,13.0,Hale
180,0,"Leonard, Mr. Lionel",36,0.0,Leonard
181,0,"Sage, Miss. Constance Gladys",,69.55,Sage
182,0,"Pernot, Mr. Rene",,15.05,Pernot
183,0,"Asplund, Master. Clarence Gustaf Hugo",9,31.3875,Asplund
184,1,"Becker, Master. Richard F",1,39.0,Becker
185,1,"Kink-Heilmann, Miss. Luise Gretchen",4,22.025,Kink-Heilmann
186,0,"Rood, Mr. Hugh Roscoe",,50.0,Rood
187,1,"\"O'Brien, Mrs. Thomas (Johanna \"\"Hannah\"\" Godfrey)\"",,15.5,"\"O'Brien"
188,1,"\"Romaine, Mr. Charles Hallace (\"\"Mr C Rolmane\"\")\"",45,26.55,"\"Romaine"
189,0,"Bourke, Mr. John",40,15.5,Bourke
190,0,"Turcin, Mr. Stjepan",36,7.8958,Turcin
191,1,"Pinsky, Mrs. (Rosa)",32,13.0,Pinsky
192,0,"Carbines, Mr. William",19,13.0,Carbines
193,1,"Andersen-Jensen, Miss. Carla Christine Nielsine",19,7.8542,Andersen-Jensen
194,1,"Navratil, Master. Michel M",3,26.0,Navratil
195,1,"Brown, Mrs. James Joseph (Margaret Tobin)",44,27.7208,Brown
196,1,"Lurette, Miss. Elise",58,146.5208,Lurette
197,0,"Mernagh, Mr. Robert",,7.75,Mernagh
198,0,"Olsen, Mr. Karl Siegwart Andreas",42,8.4042,Olsen
199,1,"\"Madigan, Miss. Margaret \"\"Maggie\"\"\"",,7.75,"\"Madigan"
200,0,"\"Yrois, Miss. Henriette (\"\"Mrs Harbeck\"\")\"",24,13.0,"\"Yrois"
201,0,"Vande Walle, Mr. Nestor Cyriel",28,9.5,Vande Walle
202,0,"Sage, Mr. Frederick",,69.55,Sage
203,0,"Johanson, Mr. Jakob Alfred",34,6.4958,Johanson
204,0,"Youseff, Mr. Gerious",45.5,7.225,Youseff
205,1,"\"Cohen, Mr. Gurshon \"\"Gus\"\"\"",18,8.05,"\"Cohen"
206,0,"Strom, Miss. Telma Matilda",2,10.4625,Strom
207,0,"Backstrom, Mr. Karl Alfred",32,15.85,Backstrom
208,1,"Albimona, Mr. Nassef Cassem",26,18.7875,Albimona
209,1,"\"Carr, Miss. Helen \"\"Ellen\"\"\"",16,7.75,"\"Carr"
210,1,"Blank, Mr. Henry",40,31.0,Blank
211,0,"Ali, Mr. Ahmed",24,7.05,Ali
212,1,"Cameron, Miss. Clear Annie",35,21.0,Cameron
213,0,"Perkin, Mr. John Henry",22,7.25,Perkin
214,0,"Givard, Mr. Hans Kristensen",30,13.0,Givard
215,0,"Kiernan, Mr. Philip",,7.75,Kiernan
216,1,"Newell, Miss. Madeleine",31,113.275,Newell
217,1,"Honkanen, Miss. Eliina",27,7.925,Honkanen
218,0,"Jacobsohn, Mr. Sidney Samuel",42,27.0,Jacobsohn
219,1,"Bazzani, Miss. Albina",32,76.2917,Bazzani
220,0,"Harris, Mr. Walter",30,10.5,Harris
221,1,"Sunderland, Mr. Victor Francis",16,8.05,Sunderland
222,0,"Bracken, Mr. James H",27,13.0,Bracken
223,0,"Green, Mr. George Henry",51,8.05,Green
224,0,"Nenkoff, Mr. Christo",,7.8958,Nenkoff
225,1,"Hoyt, Mr. Frederick Maxfield",38,90.0,Hoyt
226,0,"Berglund, Mr. Karl Ivar Sven",22,9.35,Berglund
227,1,"Mellors, Mr. William John",19,10.5,Mellors
228,0,"\"Lovell, Mr. John Hall (\"\"Henry\"\")\"",20.5,7.25,"\"Lovell"
229,0,"Fahlstrom, Mr. Arne Jonas",18,13.0,Fahlstrom
230,0,"Lefebre, Miss. Mathilde",,25.4667,Lefebre
231,1,"Harris, Mrs. Henry Birkhardt (Irene Wallach)",35,83.475,Harris
232,0,"Larsson, Mr. Bengt Edvin",29,7.775,Larsson
233,0,"Sjostedt, Mr. Ernst Adolf",59,13.5,Sjostedt
234,1,"Asplund, Miss. Lillian Gertrud",5,31.3875,Asplund
235,0,"Leyson, Mr. Robert William Norman",24,10.5,Leyson
236,0,"Harknett, Miss. Alice Phoebe",,7.55,Harknett
237,0,"Hold, Mr. Stephen",44,26.0,Hold
238,1,"\"Collyer, Miss. Marjorie \"\"Lottie\"\"\"",8,26.25,"\"Collyer"
239,0,"Pengelly, Mr. Frederick William",19,10.5,Pengelly
240,0,"Hunt, Mr. George Henry",33,12.275,Hunt
241,0,"Zabour, Miss. Thamine",,14.4542,Zabour
242,1,"\"Murphy, Miss. Katherine \"\"Kate\"\"\"",,15.5,"\"Murphy"
243,0,"Coleridge, Mr. Reginald Charles",29,10.5,Coleridge
244,0,"Maenpaa, Mr. Matti Alexanteri",22,7.125,Maenpaa
245,0,"Attalah, Mr. Sleiman",30,7.225,Attalah
246,0,"Minahan, Dr. William Edward",44,90.0,Minahan
247,0,"Lindahl, Miss. Agda Thorilda Viktoria",25,7.775,Lindahl
248,1,"Hamalainen, Mrs. William (Anna)",24,14.5,Hamalainen
249,1,"Beckwith, Mr. Richard Leonard",37,52.5542,Beckwith
250,0,"Carter, Rev. Ernest Courtenay",54,26.0,Carter
251,0,"Reed, Mr. James George",,7.25,Reed
252,0,"Strom, Mrs. Wilhelm (Elna Matilda Persson)",29,10.4625,Strom
253,0,"Stead, Mr. William Thomas",62,26.55,Stead
254,0,"Lobb, Mr. William Arthur",30,16.1,Lobb
255,0,"Rosblom, Mrs. Viktor (Helena Wilhelmina)",41,20.2125,Rosblom
256,1,"Touma, Mrs. Darwis (Hanne Youssef Razi)",29,15.2458,Touma
257,1,"Thorne, Mrs. Gertrude Maybelle",,79.2,Thorne
258,1,"Cherry, Miss. Gladys",30,86.5,Cherry
259,1,"Ward, Miss. Anna",35,512.3292,Ward
260,1,"Parrish, Mrs. (Lutie Davis)",50,26.0,Parrish
261,0,"Smith, Mr. Thomas",,7.75,Smith
262,1,"Asplund, Master. Edvin Rojj Felix",3,31.3875,Asplund
263,0,"Taussig, Mr. Emil",52,79.65,Taussig
264,0,"Harrison, Mr. William",40,0.0,Harrison
265,0,"Henry, Miss. Delia",,7.75,Henry
266,0,"Reeves, Mr. David",36,10.5,Reeves
267,0,"Panula, Mr. Ernesti Arvid",16,39.6875,Panula
268,1,"Persson, Mr. Ernst Ulrik",25,7.775,Persson
269,1,"Graham, Mrs. William Thompson (Edith Junkins)",58,153.4625,Graham
270,1,"Bissette, Miss. Amelia",35,135.6333,Bissette
271,0,"Cairns, Mr. Alexander",,31.0,Cairns
272,1,"Tornquist, Mr. William Henry",25,0.0,Tornquist
273,1,"Mellinger, Mrs. (Elizabeth Anne Maidment)",41,19.5,Mellinger
274,0,"Natsch, Mr. Charles H",37,29.7,Natsch
275,1,"\"Healy, Miss. Hanora \"\"Nora\"\"\"",,7.75,"\"Healy"
276,1,"Andrews, Miss. Kornelia Theodosia",63,77.9583,Andrews
277,0,"Lindblom, Miss. Augusta Charlotta",45,7.75,Lindblom
278,0,"\"Parkes, Mr. Francis \"\"Frank\"\"\"",,0.0,"\"Parkes"
279,0,"Rice, Master. Eric",7,29.125,Rice
280,1,"Abbott, Mrs. Stanton (Rosa Hunt)",35,20.25,Abbott
281,0,"Duane, Mr. Frank",65,7.75,Duane
282,0,"Olsson, Mr. Nils Johan Goransson",28,7.8542,Olsson
283,0,"de Pelsmaeker, Mr. Alfons",16,9.5,de Pelsmaeker
284,1,"Dorking, Mr. Edward Arthur",19,8.05,Dorking
285,0,"Smith, Mr. Richard William",,26.0,Smith
286,0,"Stankovic, Mr. Ivan",33,8.6625,Stankovic
287,1,"de Mulder, Mr. Theodore",30,9.5,de Mulder
288,0,"Naidenoff, Mr. Penko",22,7.8958,Naidenoff
289,1,"Hosono, Mr. Masabumi",42,13.0,Hosono
290,1,"Connolly, Miss. Kate",22,7.75,Connolly
291,1,"\"Barber, Miss. Ellen \"\"Nellie\"\"\"",26,78.85,"\"Barber"
292,1,"Bishop, Mrs. Dickinson H (Helen Walton)",19,91.0792,Bishop
293,0,"Levy, Mr. Rene Jacques",36,12.875,Levy
294,0,"Haas, Miss. Aloisia",24,8.85,Haas
295,0,"Mineff, Mr. Ivan",24,7.8958,Mineff
296,0,"Lewy, Mr. Ervin G",,27.7208,Lewy
297,0,"Hanna, Mr. Mansour",23.5,7.2292,Hanna
298,0,"Allison, Miss. Helen Loraine",2,151.55,Allison
299,1,"Saalfeld, Mr. Adolphe",,30.5,Saalfeld
300,1,"Baxter, Mrs. James (Helene DeLaudeniere Chaput)",50,247.5208,Baxter
301,1,"\"Kelly, Miss. Anna Katherine \"\"Annie Kate\"\"\"",,7.75,"\"Kelly"
302,1,"McCoy, Mr. Bernard",,23.25,McCoy
303,0,"Johnson, Mr. William Cahoone Jr",19,0.0,Johnson
304,1,"Keane, Miss. Nora A",,12.35,Keane
305,0,"\"Williams, Mr. Howard Hugh \"\"Harry\"\"\"",,8.05,"\"Williams"
306,1,"Allison, Master. Hudson Trevor",0.92,151.55,Allison
307,1,"Fleming, Miss. Margaret",,110.8833,Fleming
308,1,"Penasco y Castellana, Mrs. Victor de Satode (Maria Josefa Perez de Soto y Vallejo)",17,108.9,Penasco y Castellana
309,0,"Abelson, Mr. Samuel",30,24.0,Abelson
310,1,"Francatelli, Miss. Laura Mabel",30,56.9292,Francatelli
311,1,"Hays, Miss. Margaret Bechstein",24,83.1583,Hays
312,1,"Ryerson, Miss. Emily Borie",18,262.375,Ryerson
313,0,"Lahtinen, Mrs. William (Anna Sylfven)",26,26.0,Lahtinen
314,0,"Hendekovic, Mr. Ignjac",28,7.8958,Hendekovic
315,0,"Hart, Mr. Benjamin",43,26.25,Hart
316,1,"Nilsson, Miss. Helmina Josefina",26,7.8542,Nilsson
317,1,"Kantor, Mrs. Sinai (Miriam Sternin)",24,26.0,Kantor
318,0,"Moraweck, Dr. Ernest",54,14.0,Moraweck
319,1,"Wick, Miss. Mary Natalie",31,164.8667,Wick
320,1,"Spedden, Mrs. Frederic Oakley (Margaretta Corning Stone)",40,134.5,Spedden
321,0,"Dennis, Mr. Samuel",22,7.25,Dennis
322,0,"Danoff, Mr. Yoto",27,7.8958,Danoff
323,1,"Slayter, Miss. Hilda Mary",30,12.35,Slayter
324,1,"Caldwell, Mrs. Albert Francis (Sylvia Mae Harbaugh)",22,29.0,Caldwell
325,0,"Sage, Mr. George John Jr",,69.55,Sage
326,1,"Young, Miss. Marie Grice",36,135.6333,Young
327,0,"Nysveen, Mr. Johan Hansen",61,6.2375,Nysveen
328,1,"Ball, Mrs. (Ada E Hall)",36,13.0,Ball
329,1,"Goldsmith, Mrs. Frank John (Emily Alice Brown)",31,20.525,Goldsmith
330,1,"Hippach, Miss. Jean Gertrude",16,57.9792,Hippach
331,1,"McCoy, Miss. Agnes",,23.25,McCoy
332,0,"Partner, Mr. Austen",45.5,28.5,Partner
333,0,"Graham, Mr. George Edward",38,153.4625,Graham
334,0,"Vander Planke, Mr. Leo Edmondus",16,18.0,Vander Planke
335,1,"Frauenthal, Mrs. Henry William (Clara Heinsheimer)",,133.65,Frauenthal
336,0,"Denkoff, Mr. Mitto",,7.8958,Denkoff
337,0,"Pears, Mr. Thomas Clinton",29,66.6,Pears
338,1,"Burns, Miss. Elizabeth Margaret",41,134.5,Burns
339,1,"Dahl, Mr. Karl Edwart",45,8.05,Dahl
340,0,"Blackwell, Mr. Stephen Weart",45,35.5,Blackwell
341,1,"Navratil, Master. Edmond Roger",2,26.0,Navratil
342,1,"Fortune, Miss. Alice Elizabeth",24,263.0,Fortune
343,0,"Collander, Mr. Erik Gustaf",28,13.0,Collander
344,0,"Sedgwick, Mr. Charles Frederick Waddington",25,13.0,Sedgwick
345,0,"Fox, Mr. Stanley Hubert",36,13.0,Fox
346,1,"\"Brown, Miss. Amelia \"\"Mildred\"\"\"",24,13.0,"\"Brown"
347,1,"Smith, Miss. Marion Elsie",40,13.0,Smith
348,1,"Davison, Mrs. Thomas Henry (Mary E Finck)",,16.1,Davison
349,1,"\"Coutts, Master. William Loch \"\"William\"\"\"",3,15.9,"\"Coutts"
350,0,"Dimic, Mr. Jovan",42,8.6625,Dimic
351,0,"Odahl, Mr. Nils Martin",23,9.225,Odahl
352,0,"Williams-Lambert, Mr. Fletcher Fellows",,35.0,Williams-Lambert
353,0,"Elias, Mr. Tannous",15,7.2292,Elias
354,0,"Arnold-Franchi, Mr. Josef",25,17.8,Arnold-Franchi
355,0,"Yousif, Mr. Wazli",,7.225,Yousif
356,0,"Vanden Steen, Mr. Leo Peter",28,9.5,Vanden Steen
357,1,"Bowerman, Miss. Elsie Edith",22,55.0,Bowerman
358,0,"Funk, Miss. Annie Clemmer",38,13.0,Funk
359,1,"McGovern, Miss. Mary",,7.8792,McGovern
360,1,"\"Mockler, Miss. Helen Mary \"\"Ellie\"\"\"",,7.8792,"\"Mockler"
361,0,"Skoog, Mr. Wilhelm",40,27.9,Skoog
362,0,"del Carlo, Mr. Sebastiano",29,27.7208,del Carlo
363,0,"Barbara, Mrs. (Catherine David)",45,14.4542,Barbara
364,0,"Asim, Mr. Adola",35,7.05,Asim
365,0,"O'Brien, Mr. Thomas",,15.5,O'Brien
366,0,"Adahl, Mr. Mauritz Nils Martin",30,7.25,Adahl
367,1,"Warren, Mrs. Frank Manley (Anna Sophia Atkinson)",60,75.25,Warren
368,1,"Moussa, Mrs. (Mantoura Boulos)",,7.2292,Moussa
369,1,"Jermyn, Miss. Annie",,7.75,Jermyn
370,1,"Aubart, Mme. Leontine Pauline",24,69.3,Aubart
371,1,"Harder, Mr. George Achilles",25,55.4417,Harder
372,0,"Wiklund, Mr. Jakob Alfred",18,6.4958,Wiklund
373,0,"Beavan, Mr. William Thomas",19,8.05,Beavan
374,0,"Ringhini, Mr. Sante",22,135.6333,Ringhini
375,0,"Palsson, Miss. Stina Viola",3,21.075,Palsson
376,1,"Meyer, Mrs. Edgar Joseph (Leila Saks)",,82.1708,Meyer
377,1,"Landergren, Miss. Aurora Adelia",22,7.25,Landergren
378,0,"Widener, Mr. Harry Elkins",27,211.5,Widener
379,0,"Betros, Mr. Tannous",20,4.0125,Betros
380,0,"Gustafsson, Mr. Karl Gideon",19,7.775,Gustafsson
381,1,"Bidois, Miss. Rosalie",42,227.525,Bidois
382,1,"\"Nakid, Miss. Maria (\"\"Mary\"\")\"",1,15.7417,"\"Nakid"
383,0,"Tikkanen, Mr. Juho",32,7.925,Tikkanen
384,1,"Holverson, Mrs. Alexander Oskar (Mary Aline Towner)",35,52.0,Holverson
385,0,"Plotcharsky, Mr. Vasil",,7.8958,Plotcharsky
386,0,"Davies, Mr. Charles Henry",18,73.5,Davies
387,0,"Goodwin, Master. Sidney Leonard",1,46.9,Goodwin
388,1,"Buss, Miss. Kate",36,13.0,Buss
389,0,"Sadlier, Mr. Matthew",,7.7292,Sadlier
390,1,"Lehmann, Miss. Bertha",17,12.0,Lehmann
391,1,"Carter, Mr. William Ernest",36,120.0,Carter
392,1,"Jansson, Mr. Carl Olof",21,7.7958,Jansson
393,0,"Gustafsson, Mr. Johan Birger",28,7.925,Gustafsson
394,1,"Newell, Miss. Marjorie",23,113.275,Newell
395,1,"Sandstrom, Mrs. Hjalmar (Agnes Charlotta Bengtsson)",24,16.7,Sandstrom
396,0,"Johansson, Mr. Erik",22,7.7958,Johansson
397,0,"Olsson, Miss. Elina",31,7.8542,Olsson
398,0,"McKane, Mr. Peter David",46,26.0,McKane
399,0,"Pain, Dr. Alfred",23,10.5,Pain
400,1,"Trout, Mrs. William H (Jessie L)",28,12.65,Trout
401,1,"Niskanen, Mr. Juha",39,7.925,Niskanen
402,0,"Adams, Mr. John",26,8.05,Adams
403,0,"Jussila, Miss. Mari Aina",21,9.825,Jussila
404,0,"Hakkarainen, Mr. Pekka Pietari",28,15.85,Hakkarainen
405,0,"Oreskovic, Miss. Marija",20,8.6625,Oreskovic
406,0,"Gale, Mr. Shadrach",34,21.0,Gale
407,0,"Widegren, Mr. Carl/Charles Peter",51,7.75,Widegren
408,1,"Richards, Master. William Rowe",3,18.75,Richards
409,0,"Birkeland, Mr. Hans Martin Monsen",21,7.775,Birkeland
410,0,"Lefebre, Miss. Ida",,25.4667,Lefebre
411,0,"Sdycoff, Mr. Todor",,7.8958,Sdycoff
412,0,"Hart, Mr. Henry",,6.8583,Hart
413,1,"Minahan, Miss. Daisy E",33,90.0,Minahan
414,0,"Cunningham, Mr. Alfred Fleming",,0.0,Cunningham
415,1,"Sundman, Mr. Johan Julian",44,7.925,Sundman
416,0,"Meek, Mrs. Thomas (Annie Louise Rowley)",,8.05,Meek
417,1,"Drew, Mrs. James Vivian (Lulu Thorne Christian)",34,32.5,Drew
418,1,"Silven, Miss. Lyyli Karoliina",18,13.0,Silven
419,0,"Matthews, Mr. William John",30,13.0,Matthews
420,0,"Van Impe, Miss. Catharina",10,24.15,Van Impe
421,0,"Gheorgheff, Mr. Stanio",,7.8958,Gheorgheff
422,0,"Charters, Mr. David",21,7.7333,Charters
423,0,"Zimmerman, Mr. Leo",29,7.875,Zimmerman
424,0,"Danbom, Mrs. Ernst Gilbert (Anna Sigrid Maria Brogren)",28,14.4,Danbom
425,0,"Rosblom, Mr. Viktor Richard",18,20.2125,Rosblom
426,0,"Wiseman, Mr. Phillippe",,7.25,Wiseman
427,1,"Clarke, Mrs. Charles V (Ada Maria Winfield)",28,26.0,Clarke
428,1,"\"Phillips, Miss. Kate Florence (\"\"Mrs Kate Louise Phillips Marshall\"\")\"",19,26.0,"\"Phillips"
429,0,"Flynn, Mr. James",,7.75,Flynn
430,1,"Pickard, Mr. Berk (Berk Trembisky)",32,8.05,Pickard
431,1,"Bjornstrom-Steffansson, Mr. Mauritz Hakan",28,26.55,Bjornstrom-Steffansson
432,1,"Thorneycroft, Mrs. Percival (Florence Kate White)",,16.1,Thorneycroft
433,1,"Louch, Mrs. Charles Alexander (Alice Adelaide Slow)",42,26.0,Louch
434,0,"Kallio, Mr. Nikolai Erland",17,7.125,Kallio
435,0,"Silvey, Mr. William Baird",50,55.9,Silvey
436,1,"Carter, Miss. Lucile Polk",14,120.0,Carter
437,0,"\"Ford, Miss. Doolina Margaret \"\"Daisy\"\"\"",21,34.375,"\"Ford"
438,1,"Richards, Mrs. Sidney (Emily Hocking)",24,18.75,Richards
439,0,"Fortune, Mr. Mark",64,263.0,Fortune
440,0,"Kvillner, Mr. Johan Henrik Johannesson",31,10.5,Kvillner
441,1,"Hart, Mrs. Benjamin (Esther Ada Bloomfield)",45,26.25,Hart
442,0,"Hampe, Mr. Leon",20,9.5,Hampe
443,0,"Petterson, Mr. Johan Emil",25,7.775,Petterson
444,1,"Reynaldo, Ms. Encarnacion",28,13.0,Reynaldo
445,1,"Johannesen-Bratthammer, Mr. Bernt",,8.1125,Johannesen-Bratthammer
446,1,"Dodge, Master. Washington",4,81.8583,Dodge
447,1,"Mellinger, Miss. Madeleine Violet",13,19.5,Mellinger
448,1,"Seward, Mr. Frederic Kimber",34,26.55,Seward
449,1,"Baclini, Miss. Marie Catherine",5,19.2583,Baclini
450,1,"Peuchen, Major. Arthur Godfrey",52,30.5,Peuchen
451,0,"West, Mr. Edwy Arthur",36,27.75,West
452,0,"Hagland, Mr. Ingvald Olai Olsen",,19.9667,Hagland
453,0,"Foreman, Mr. Benjamin Laventall",30,27.75,Foreman
454,1,"Goldenberg, Mr. Samuel L",49,89.1042,Goldenberg
455,0,"Peduzzi, Mr. Joseph",,8.05,Peduzzi
456,1,"Jalsevac, Mr. Ivan",29,7.8958,Jalsevac
457,0,"Millet, Mr. Francis Davis",65,26.55,Millet
458,1,"Kenyon, Mrs. Frederick R (Marion)",,51.8625,Kenyon
459,1,"Toomey, Miss. Ellen",50,10.5,Toomey
460,0,"O'Connor, Mr. Maurice",,7.75,O'Connor
461,1,"Anderson, Mr. Harry",48,26.55,Anderson
462,0,"Morley, Mr. William",34,8.05,Morley
463,0,"Gee, Mr. Arthur H",47,38.5,Gee
464,0,"Milling, Mr. Jacob Christian",48,13.0,Milling
465,0,"Maisner, Mr. Simon",,8.05,Maisner
466,0,"Goncalves, Mr. Manuel Estanslas",38,7.05,Goncalves
467,0,"Campbell, Mr. William",,0.0,Campbell
468,0,"Smart, Mr. John Montgomery",56,26.55,Smart
469,0,"Scanlan, Mr. James",,7.725,Scanlan
470,1,"Baclini, Miss. Helene Barbara",0.75,19.2583,Baclini
471,0,"Keefe, Mr. Arthur",,7.25,Keefe
472,0,"Cacic, Mr. Luka",38,8.6625,Cacic
473,1,"West, Mrs. Edwy Arthur (Ada Mary Worth)",33,27.75,West
474,1,"Jerwan, Mrs. Amin S (Marie Marthe Thuillard)",23,13.7917,Jerwan
475,0,"Strandberg, Miss. Ida Sofia",22,9.8375,Strandberg
476,0,"Clifford, Mr. George Quincy",,52.0,Clifford
477,0,"Renouf, Mr. Peter Henry",34,21.0,Renouf
478,0,"Braund, Mr. Lewis Richard",29,7.0458,Braund
479,0,"Karlsson, Mr. Nils August",22,7.5208,Karlsson
480,1,"Hirvonen, Miss. Hildur E",2,12.2875,Hirvonen
481,0,"Goodwin, Master. Harold Victor",9,46.9,Goodwin
482,0,"\"Frost, Mr. Anthony Wood \"\"Archie\"\"\"",,0.0,"\"Frost"
483,0,"Rouse, Mr. Richard Henry",50,8.05,Rouse
484,1,"Turkula, Mrs. (Hedwig)",63,9.5875,Turkula
485,1,"Bishop, Mr. Dickinson H",25,91.0792,Bishop
486,0,"Lefebre, Miss. Jeannie",,25.4667,Lefebre
487,1,"Hoyt, Mrs. Frederick Maxfield (Jane Anne Forby)",35,90.0,Hoyt
488,0,"Kent, Mr. Edward Austin",58,29.7,Kent
489,0,"Somerton, Mr. Francis William",30,8.05,Somerton
490,1,"\"Coutts, Master. Eden Leslie \"\"Neville\"\"\"",9,15.9,"\"Coutts"
491,0,"Hagland, Mr. Konrad Mathias Reiersen",,19.9667,Hagland
492,0,"Windelov, Mr. Einar",21,7.25,Windelov
493,0,"Molson, Mr. Harry Markland",55,30.5,Molson
494,0,"Artagaveytia, Mr. Ramon",71,49.5042,Artagaveytia
495,0,"Stanley, Mr. Edward Roland",21,8.05,Stanley
496,0,"Yousseff, Mr. Gerious",,14.4583,Yousseff
497,1,"Eustis, Miss. Elizabeth Mussey",54,78.2667,Eustis
498,0,"Shellard, Mr. Frederick William",,15.1,Shellard
499,0,"Allison, Mrs. Hudson J C (Bessie Waldo Daniels)",25,151.55,Allison
500,0,"Svensson, Mr. Olof",24,7.7958,Svensson
501,0,"Calic, Mr. Petar",17,8.6625,Calic
502,0,"Canavan, Miss. Mary",21,7.75,Canavan
503,0,"O'Sullivan, Miss. Bridget Mary",,7.6292,O'Sullivan
504,0,"Laitinen, Miss. Kristina Sofia",37,9.5875,Laitinen
505,1,"Maioni, Miss. Roberta",16,86.5,Maioni
506,0,"Penasco y Castellana, Mr. Victor de Satode",18,108.9,Penasco y Castellana
507,1,"Quick, Mrs. Frederick Charles (Jane Richards)",33,26.0,Quick
508,1,"\"Bradley, Mr. George (\"\"George Arthur Brayton\"\")\"",,26.55,"\"Bradley"
509,0,"Olsen, Mr. Henry Margido",28,22.525,Olsen
510,1,"Lang, Mr. Fang",26,56.4958,Lang
511,1,"Daly, Mr. Eugene Patrick",29,7.75,Daly
512,0,"Webber, Mr. James",,8.05,Webber
513,1,"McGough, Mr. James Robert",36,26.2875,McGough
514,1,"Rothschild, Mrs. Martin (Elizabeth L. Barrett)",54,59.4,Rothschild
515,0,"Coleff, Mr. Satio",24,7.4958,Coleff
516,0,"Walker, Mr. William Anderson",47,34.0208,Walker
517,1,"Lemore, Mrs. (Amelia Milley)",34,10.5,Lemore
518,0,"Ryan, Mr. Patrick",,24.15,Ryan
519,1,"\"Angle, Mrs. William A (Florence \"\"Mary\"\" Agnes Hughes)\"",36,26.0,"\"Angle"
520,0,"Pavlovic, Mr. Stefo",32,7.8958,Pavlovic
521,1,"Perreault, Miss. Anne",30,93.5,Perreault
522,0,"Vovk, Mr. Janko",22,7.8958,Vovk
523,0,"Lahoud, Mr. Sarkis",,7.225,Lahoud
524,1,"Hippach, Mrs. Louis Albert (Ida Sophia Fischer)",44,57.9792,Hippach
525,0,"Kassem, Mr. Fared",,7.2292,Kassem
526,0,"Farrell, Mr. James",40.5,7.75,Farrell
527,1,"Ridsdale, Miss. Lucy",50,10.5,Ridsdale
528,0,"Farthing, Mr. John",,221.7792,Farthing
529,0,"Salonen, Mr. Johan Werner",39,7.925,Salonen
530,0,"Hocking, Mr. Richard George",23,11.5,Hocking
531,1,"Quick, Miss. Phyllis May",2,26.0,Quick
532,0,"Toufik, Mr. Nakli",,7.2292,Toufik
533,0,"Elias, Mr. Joseph Jr",17,7.2292,Elias
534,1,"Peter, Mrs. Catherine (Catherine Rizk)",,22.3583,Peter
535,0,"Cacic, Miss. Marija",30,8.6625,Cacic
536,1,"Hart, Miss. Eva Miriam",7,26.25,Hart
537,0,"Butt, Major. Archibald Willingham",45,26.55,Butt
538,1,"LeRoy, Miss. Bertha",30,106.425,LeRoy
539,0,"Risien, Mr. Samuel Beard",,14.5,Risien
540,1,"Frolicher, Miss. Hedwig Margaritha",22,49.5,Frolicher
541,1,"Crosby, Miss. Harriet R",36,71.0,Crosby
542,0,"Andersson, Miss. Ingeborg Constanzia",9,31.275,Andersson
543,0,"Andersson, Miss. Sigrid Elisabeth",11,31.275,Andersson
544,1,"Beane, Mr. Edward",32,26.0,Beane
545,0,"Douglas, Mr. Walter Donald",50,106.425,Douglas
546,0,"Nicholson, Mr. Arthur Ernest",64,26.0,Nicholson
547,1,"Beane, Mrs. Edward (Ethel Clarke)",19,26.0,Beane
548,1,"Padro y Manent, Mr. Julian",,13.8625,Padro y Manent
549,0,"Goldsmith, Mr. Frank John",33,20.525,Goldsmith
550,1,"Davies, Master. John Morgan Jr",8,36.75,Davies
551,1,"Thayer, Mr. John Borland Jr",17,110.8833,Thayer
552,0,"Sharp, Mr. Percival James R",27,26.0,Sharp
553,0,"O'Brien, Mr. Timothy",,7.8292,O'Brien
554,1,"\"Leeni, Mr. Fahim (\"\"Philip Zenni\"\")\"",22,7.225,"\"Leeni"
555,1,"Ohman, Miss. Velin",22,7.775,Ohman
556,0,"Wright, Mr. George",62,26.55,Wright
557,1,"\"Duff Gordon, Lady. (Lucille Christiana Sutherland) (\"\"Mrs Morgan\"\")\"",48,39.6,"\"Duff Gordon"
558,0,"Robbins, Mr. Victor",,227.525,Robbins
559,1,"Taussig, Mrs. Emil (Tillie Mandelbaum)",39,79.65,Taussig
560,1,"de Messemaeker, Mrs. Guillaume Joseph (Emma)",36,17.4,de Messemaeker
561,0,"Morrow, Mr. Thomas Rowan",,7.75,Morrow
562,0,"Sivic, Mr. Husein",40,7.8958,Sivic
563,0,"Norman, Mr. Robert Douglas",28,13.5,Norman
564,0,"Simmons, Mr. John",,8.05,Simmons
565,0,"Meanwell, Miss. (Marion Ogden)",,8.05,Meanwell
566,0,"Davies, Mr. Alfred J",24,24.15,Davies
567,0,"Stoytcheff, Mr. Ilia",19,7.8958,Stoytcheff
568,0,"Palsson, Mrs. Nils (Alma Cornelia Berglund)",29,21.075,Palsson
569,0,"Doharr, Mr. Tannous",,7.2292,Doharr
570,1,"Jonsson, Mr. Carl",32,7.8542,Jonsson
571,1,"Harris, Mr. George",62,10.5,Harris
572,1,"Appleton, Mrs. Edward Dale (Charlotte Lamson)",53,51.4792,Appleton
573,1,"\"Flynn, Mr. John Irwin (\"\"Irving\"\")\"",36,26.3875,"\"Flynn"
574,1,"Kelly, Miss. Mary",,7.75,Kelly
575,0,"Rush, Mr. Alfred George John",16,8.05,Rush
576,0,"Patchett, Mr. George",19,14.5,Patchett
577,1,"Garside, Miss. Ethel",34,13.0,Garside
578,1,"Silvey, Mrs. William Baird (Alice Munger)",39,55.9,Silvey
579,0,"Caram, Mrs. Joseph (Maria Elias)",,14.4583,Caram
580,1,"Jussila, Mr. Eiriik",32,7.925,Jussila
581,1,"Christy, Miss. Julie Rachel",25,30.0,Christy
582,1,"Thayer, Mrs. John Borland (Marian Longstreth Morris)",39,110.8833,Thayer
583,0,"Downton, Mr. William James",54,26.0,Downton
584,0,"Ross, Mr. John Hugo",36,40.125,Ross
585,0,"Paulner, Mr. Uscher",,8.7125,Paulner
586,1,"Taussig, Miss. Ruth",18,79.65,Taussig
587,0,"Jarvis, Mr. John Denzil",47,15.0,Jarvis
588,1,"Frolicher-Stehli, Mr. Maxmillian",60,79.2,Frolicher-Stehli
589,0,"Gilinski, Mr. Eliezer",22,8.05,Gilinski
590,0,"Murdlin, Mr. Joseph",,8.05,Murdlin
591,0,"Rintamaki, Mr. Matti",35,7.125,Rintamaki
592,1,"Stephenson, Mrs. Walter Bertram (Martha Eustis)",52,78.2667,Stephenson
593,0,"Elsbury, Mr. William James",47,7.25,Elsbury
594,0,"Bourke, Miss. Mary",,7.75,Bourke
595,0,"Chapman, Mr. John Henry",37,26.0,Chapman
596,0,"Van Impe, Mr. Jean Baptiste",36,24.15,Van Impe
597,1,"Leitch, Miss. Jessie Wills",,33.0,Leitch
598,0,"Johnson, Mr. Alfred",49,0.0,Johnson
599,0,"Boulos, Mr. Hanna",,7.225,Boulos
600,1,"\"Duff Gordon, Sir. Cosmo Edmund (\"\"Mr Morgan\"\")\"",49,56.9292,"\"Duff Gordon"
601,1,"Jacobsohn, Mrs. Sidney Samuel (Amy Frances Christy)",24,27.0,Jacobsohn
602,0,"Slabenoff, Mr. Petco",,7.8958,Slabenoff
603,0,"Harrington, Mr. Charles H",,42.4,Harrington
604,0,"Torber, Mr. Ernst William",44,8.05,Torber
605,1,"\"Homer, Mr. Harry (\"\"Mr E Haven\"\")\"",35,26.55,"\"Homer"
606,0,"Lindell, Mr. Edvard Bengtsson",36,15.55,Lindell
607,0,"Karaic, Mr. Milan",30,7.8958,Karaic
608,1,"Daniel, Mr. Robert Williams",27,30.5,Daniel
609,1,"Laroche, Mrs. Joseph (Juliette Marie Louise Lafargue)",22,41.5792,Laroche
610,1,"Shutes, Miss. Elizabeth W",40,153.4625,Shutes
611,0,"Andersson, Mrs. Anders Johan (Alfrida Konstantia Brogren)",39,31.275,Andersson
612,0,"Jardin, Mr. Jose Neto",,7.05,Jardin
613,1,"Murphy, Miss. Margaret Jane",,15.5,Murphy
614,0,"Horgan, Mr. John",,7.75,Horgan
615,0,"Brocklebank, Mr. William Alfred",35,8.05,Brocklebank
616,1,"Herman, Miss. Alice",24,65.0,Herman
617,0,"Danbom, Mr. Ernst Gilbert",34,14.4,Danbom
618,0,"Lobb, Mrs. William Arthur (Cordelia K Stanlick)",26,16.1,Lobb
619,1,"Becker, Miss. Marion Louise",4,39.0,Becker
620,0,"Gavey, Mr. Lawrence",26,10.5,Gavey
621,0,"Yasbeck, Mr. Antoni",27,14.4542,Yasbeck
622,1,"Kimball, Mr. Edwin Nelson Jr",42,52.5542,Kimball
623,1,"Nakid, Mr. Sahid",20,15.7417,Nakid
624,0,"Hansen, Mr. Henry Damsgaard",21,7.8542,Hansen
625,0,"\"Bowen, Mr. David John \"\"Dai\"\"\"",21,16.1,"\"Bowen"
626,0,"Sutton, Mr. Frederick",61,32.3208,Sutton
627,0,"Kirkland, Rev. Charles Leonard",57,12.35,Kirkland
628,1,"Longley, Miss. Gretchen Fiske",21,77.9583,Longley
629,0,"Bostandyeff, Mr. Guentcho",26,7.8958,Bostandyeff
630,0,"O'Connell, Mr. Patrick D",,7.7333,O'Connell
631,1,"Barkworth, Mr. Algernon Henry Wilson",80,30.0,Barkworth
632,0,"Lundahl, Mr. Johan Svensson",51,7.0542,Lundahl
633,1,"Stahelin-Maeglin, Dr. Max",32,30.5,Stahelin-Maeglin
634,0,"Parr, Mr. William Henry Marsh",,0.0,Parr
635,0,"Skoog, Miss. Mabel",9,27.9,Skoog
636,1,"Davis, Miss. Mary",28,13.0,Davis
637,0,"Leinonen, Mr. Antti Gustaf",32,7.925,Leinonen
638,0,"Collyer, Mr. Harvey",31,26.25,Collyer
639,0,"Panula, Mrs. Juha (Maria Emilia Ojala)",41,39.6875,Panula
640,0,"Thorneycroft, Mr. Percival",,16.1,Thorneycroft
641,0,"Jensen, Mr. Hans Peder",20,7.8542,Jensen
642,1,"Sagesser, Mlle. Emma",24,69.3,Sagesser
643,0,"Skoog, Miss. Margit Elizabeth",2,27.9,Skoog
644,1,"Foo, Mr. Choong",,56.4958,Foo
645,1,"Baclini, Miss. Eugenie",0.75,19.2583,Baclini
646,1,"Harper, Mr. Henry Sleeper",48,76.7292,Harper
647,0,"Cor, Mr. Liudevit",19,7.8958,Cor
648,1,"Simonius-Blumer, Col. Oberst Alfons",56,35.5,Simonius-Blumer
649,0,"Willey, Mr. Edward",,7.55,Willey
650,1,"Stanley, Miss. Amy Zillah Elsie",23,7.55,Stanley
651,0,"Mitkoff, Mr. Mito",,7.8958,Mitkoff
652,1,"Doling, Miss. Elsie",18,23.0,Doling
653,0,"Kalvik, Mr. Johannes Halvorsen",21,8.4333,Kalvik
654,1,"\"O'Leary, Miss. Hanora \"\"Norah\"\"\"",,7.8292,"\"O'Leary"
655,0,"\"Hegarty, Miss. Hanora \"\"Nora\"\"\"",18,6.75,"\"Hegarty"
656,0,"Hickman, Mr. Leonard Mark",24,73.5,Hickman
657,0,"Radeff, Mr. Alexander",,7.8958,Radeff
658,0,"Bourke, Mrs. John (Catherine)",32,15.5,Bourke
659,0,"Eitemiller, Mr. George Floyd",23,13.0,Eitemiller
660,0,"Newell, Mr. Arthur Webster",58,113.275,Newell
661,1,"Frauenthal, Dr. Henry William",50,133.65,Frauenthal
662,0,"Badt, Mr. Mohamed",40,7.225,Badt
663,0,"Colley, Mr. Edward Pomeroy",47,25.5875,Colley
664,0,"Coleff, Mr. Peju",36,7.4958,Coleff
665,1,"Lindqvist, Mr. Eino William",20,7.925,Lindqvist
666,0,"Hickman, Mr. Lewis",32,73.5,Hickman
667,0,"Butler, Mr. Reginald Fenton",25,13.0,Butler
668,0,"Rommetvedt, Mr. Knud Paust",,7.775,Rommetvedt
669,0,"Cook, Mr. Jacob",43,8.05,Cook
670,1,"Taylor, Mrs. Elmer Zebley (Juliet Cummins Wright)",,52.0,Taylor
671,1,"Brown, Mrs. Thomas William Solomon (Elizabeth Catherine Ford)",40,39.0,Brown
672,0,"Davidson, Mr. Thornton",31,52.0,Davidson
673,0,"Mitchell, Mr. Henry Michael",70,10.5,Mitchell
674,1,"Wilhelms, Mr. Charles",31,13.0,Wilhelms
675,0,"Watson, Mr. Ennis Hastings",,0.0,Watson
676,0,"Edvardsson, Mr. Gustaf Hjalmar",18,7.775,Edvardsson
677,0,"Sawyer, Mr. Frederick Charles",24.5,8.05,Sawyer
678,1,"Turja, Miss. Anna Sofia",18,9.8417,Turja
679,0,"Goodwin, Mrs. Frederick (Augusta Tyler)",43,46.9,Goodwin
680,1,"Cardeza, Mr. Thomas Drake Martinez",36,512.3292,Cardeza
681,0,"Peters, Miss. Katie",,8.1375,Peters
682,1,"Hassab, Mr. Hammad",27,76.7292,Hassab
683,0,"Olsvigen, Mr. Thor Anderson",20,9.225,Olsvigen
684,0,"Goodwin, Mr. Charles Edward",14,46.9,Goodwin
685,0,"Brown, Mr. Thomas William Solomon",60,39.0,Brown
686,0,"Laroche, Mr. Joseph Philippe Lemercier",25,41.5792,Laroche
687,0,"Panula, Mr. Jaako Arnold",14,39.6875,Panula
688,0,"Dakic, Mr. Branko",19,10.1708,Dakic
689,0,"Fischer, Mr. Eberhard Thelander",18,7.7958,Fischer
690,1,"Madill, Miss. Georgette Alexandra",15,211.3375,Madill
691,1,"Dick, Mr. Albert Adrian",31,57.0,Dick
692,1,"Karun, Miss. Manca",4,13.4167,Karun
693,1,"Lam, Mr. Ali",,56.4958,Lam
694,0,"Saad, Mr. Khalil",25,7.225,Saad
695,0,"Weir, Col. John",60,26.55,Weir
696,0,"Chapman, Mr. Charles Henry",52,13.5,Chapman
697,0,"Kelly, Mr. James",44,8.05,Kelly
698,1,"\"Mullens, Miss. Katherine \"\"Katie\"\"\"",,7.7333,"\"Mullens"
699,0,"Thayer, Mr. John Borland",49,110.8833,Thayer
700,0,"Humblen, Mr. Adolf Mathias Nicolai Olsen",42,7.65,Humblen
701,1,"Astor, Mrs. John Jacob (Madeleine Talmadge Force)",18,227.525,Astor
702,1,"Silverthorne, Mr. Spencer Victor",35,26.2875,Silverthorne
703,0,"Barbara, Miss. Saiide",18,14.4542,Barbara
704,0,"Gallagher, Mr. Martin",25,7.7417,Gallagher
705,0,"Hansen, Mr. Henrik Juul",26,7.8542,Hansen
706,0,"\"Morley, Mr. Henry Samuel (\"\"Mr Henry Marshall\"\")\"",39,26.0,"\"Morley"
707,1,"\"Kelly, Mrs. Florence \"\"Fannie\"\"\"",45,13.5,"\"Kelly"
708,1,"Calderhead, Mr. Edward Pennington",42,26.2875,Calderhead
709,1,"Cleaver, Miss. Alice",22,151.55,Cleaver
710,1,"\"Moubarek, Master. Halim Gonios (\"\"William George\"\")\"",,15.2458,"\"Moubarek"
711,1,"\"Mayne, Mlle. Berthe Antonine (\"\"Mrs de Villiers\"\")\"",24,49.5042,"\"Mayne"
712,0,"Klaber, Mr. Herman",,26.55,Klaber
713,1,"Taylor, Mr. Elmer Zebley",48,52.0,Taylor
714,0,"Larsson, Mr. August Viktor",29,9.4833,Larsson
715,0,"Greenberg, Mr. Samuel",52,13.0,Greenberg
716,0,"Soholt, Mr. Peter Andreas Lauritz Andersen",19,7.65,Soholt
717,1,"Endres, Miss. Caroline Louise",38,227.525,Endres
718,1,"\"Troutt, Miss. Edwina Celia \"\"Winnie\"\"\"",27,10.5,"\"Troutt"
719,0,"McEvoy, Mr. Michael",,15.5,McEvoy
720,0,"Johnson, Mr. Malkolm Joackim",33,7.775,Johnson
721,1,"\"Harper, Miss. Annie Jessie \"\"Nina\"\"\"",6,33.0,"\"Harper"
722,0,"Jensen, Mr. Svend Lauritz",17,7.0542,Jensen
723,0,"Gillespie, Mr. William Henry",34,13.0,Gillespie
724,0,"Hodges, Mr. Henry Price",50,13.0,Hodges
725,1,"Chambers, Mr. Norman Campbell",27,53.1,Chambers
726,0,"Oreskovic, Mr. Luka",20,8.6625,Oreskovic
727,1,"Renouf, Mrs. Peter Henry (Lillian Jefferys)",30,21.0,Renouf
728,1,"Mannion, Miss. Margareth",,7.7375,Mannion
729,0,"Bryhl, Mr. Kurt Arnold Gottfrid",25,26.0,Bryhl
730,0,"Ilmakangas, Miss. Pieta Sofia",25,7.925,Ilmakangas
731,1,"Allen, Miss. Elisabeth Walton",29,211.3375,Allen
732,0,"Hassan, Mr. Houssein G N",11,18.7875,Hassan
733,0,"Knight, Mr. Robert J",,0.0,Knight
734,0,"Berriman, Mr. William John",23,13.0,Berriman
735,0,"Troupiansky, Mr. Moses Aaron",23,13.0,Troupiansky
736,0,"Williams, Mr. Leslie",28.5,16.1,Williams
737,0,"Ford, Mrs. Edward (Margaret Ann Watson)",48,34.375,Ford
738,1,"Lesurer, Mr. Gustave J",35,512.3292,Lesurer
739,0,"Ivanoff, Mr. Kanio",,7.8958,Ivanoff
740,0,"Nankoff, Mr. Minko",,7.8958,Nankoff
741,1,"Hawksford, Mr. Walter James",,30.0,Hawksford
742,0,"Cavendish, Mr. Tyrell William",36,78.85,Cavendish
743,1,"\"Ryerson, Miss. Susan Parker \"\"Suzette\"\"\"",21,262.375,"\"Ryerson"
744,0,"McNamee, Mr. Neal",24,16.1,McNamee
745,1,"Stranden, Mr. Juho",31,7.925,Stranden
746,0,"Crosby, Capt. Edward Gifford",70,71.0,Crosby
747,0,"Abbott, Mr. Rossmore Edward",16,20.25,Abbott
748,1,"Sinkkonen, Miss. Anna",30,13.0,Sinkkonen
749,0,"Marvin, Mr. Daniel Warner",19,53.1,Marvin
750,0,"Connaghton, Mr. Michael",31,7.75,Connaghton
751,1,"Wells, Miss. Joan",4,23.0,Wells
752,1,"Moor, Master. Meier",6,12.475,Moor
753,0,"Vande Velde, Mr. Johannes Joseph",33,9.5,Vande Velde
754,0,"Jonkoff, Mr. Lalio",23,7.8958,Jonkoff
755,1,"Herman, Mrs. Samuel (Jane Laver)",48,65.0,Herman
756,1,"Hamalainen, Master. Viljo",0.67,14.5,Hamalainen
757,0,"Carlsson, Mr. August Sigfrid",28,7.7958,Carlsson
758,0,"Bailey, Mr. Percy Andrew",18,11.5,Bailey
759,0,"Theobald, Mr. Thomas Leonard",34,8.05,Theobald
760,1,"Rothes, the Countess. of (Lucy Noel Martha Dyer-Edwards)",33,86.5,Rothes
761,0,"Garfirth, Mr. John",,14.5,Garfirth
762,0,"Nirva, Mr. Iisakki Antino Aijo",41,7.125,Nirva
763,1,"Barah, Mr. Hanna Assi",20,7.2292,Barah
764,1,"Carter, Mrs. William Ernest (Lucile Polk)",36,120.0,Carter
765,0,"Eklund, Mr. Hans Linus",16,7.775,Eklund
766,1,"Hogeboom, Mrs. John C (Anna Andrews)",51,77.9583,Hogeboom
767,0,"Brewe, Dr. Arthur Jackson",,39.6,Brewe
768,0,"Mangan, Miss. Mary",30.5,7.75,Mangan
769,0,"Moran, Mr. Daniel J",,24.15,Moran
770,0,"Gronnestad, Mr. Daniel Danielsen",32,8.3625,Gronnestad
771,0,"Lievens, Mr. Rene Aime",24,9.5,Lievens
772,0,"Jensen, Mr. Niels Peder",48,7.8542,Jensen
773,0,"Mack, Mrs. (Mary)",57,10.5,Mack
774,0,"Elias, Mr. Dibo",,7.225,Elias
775,1,"Hocking, Mrs. Elizabeth (Eliza Needs)",54,23.0,Hocking
776,0,"Myhrman, Mr. Pehr Fabian Oliver Malkolm",18,7.75,Myhrman
777,0,"Tobin, Mr. Roger",,7.75,Tobin
778,1,"Emanuel, Miss. Virginia Ethel",5,12.475,Emanuel
779,0,"Kilgannon, Mr. Thomas J",,7.7375,Kilgannon
780,1,"Robert, Mrs. Edward Scott (Elisabeth Walton McMillan)",43,211.3375,Robert
781,1,"Ayoub, Miss. Banoura",13,7.2292,Ayoub
782,1,"Dick, Mrs. Albert Adrian (Vera Gillespie)",17,57.0,Dick
783,0,"Long, Mr. Milton Clyde",29,30.0,Long
784,0,"Johnston, Mr. Andrew G",,23.45,Johnston
785,0,"Ali, Mr. William",25,7.05,Ali
786,0,"Harmer, Mr. Abraham (David Lishin)",25,7.25,Harmer
787,1,"Sjoblom, Miss. Anna Sofia",18,7.4958,Sjoblom
788,0,"Rice, Master. George Hugh",8,29.125,Rice
789,1,"Dean, Master. Bertram Vere",1,20.575,Dean
790,0,"Guggenheim, Mr. Benjamin",46,79.2,Guggenheim
791,0,"\"Keane, Mr. Andrew \"\"Andy\"\"\"",,7.75,"\"Keane"
792,0,"Gaskell, Mr. Alfred",16,26.0,Gaskell
793,0,"Sage, Miss. Stella Anna",,69.55,Sage
794,0,"Hoyt, Mr. William Fisher",,30.6958,Hoyt
795,0,"Dantcheff, Mr. Ristiu",25,7.8958,Dantcheff
796,0,"Otter, Mr. Richard",39,13.0,Otter
797,1,"Leader, Dr. Alice (Farnham)",49,25.9292,Leader
798,1,"Osman, Mrs. Mara",31,8.6833,Osman
799,0,"Ibrahim Shawah, Mr. Yousseff",30,7.2292,Ibrahim Shawah
800,0,"Van Impe, Mrs. Jean Baptiste (Rosalie Paula Govaert)",30,24.15,Van Impe
801,0,"Ponesell, Mr. Martin",34,13.0,Ponesell
802,1,"Collyer, Mrs. Harvey (Charlotte Annie Tate)",31,26.25,Collyer
803,1,"Carter, Master. William Thornton II",11,120.0,Carter
804,1,"Thomas, Master. Assad Alexander",0.42,8.5167,Thomas
805,1,"Hedman, Mr. Oskar Arvid",27,6.975,Hedman
806,0,"Johansson, Mr. Karl Johan",31,7.775,Johansson
807,0,"Andrews, Mr. Thomas Jr",39,0.0,Andrews
808,0,"Pettersson, Miss. Ellen Natalia",18,7.775,Pettersson
809,0,"Meyer, Mr. August",39,13.0,Meyer
810,1,"Chambers, Mrs. Norman Campbell (Bertha Griggs)",33,53.1,Chambers
811,0,"Alexander, Mr. William",26,7.8875,Alexander
812,0,"Lester, Mr. James",39,24.15,Lester
813,0,"Slemen, Mr. Richard James",35,10.5,Slemen
814,0,"Andersson, Miss. Ebba Iris Alfrida",6,31.275,Andersson
815,0,"Tomlin, Mr. Ernest Portage",30.5,8.05,Tomlin
816,0,"Fry, Mr. Richard",,0.0,Fry
817,0,"Heininen, Miss. Wendla Maria",23,7.925,Heininen
818,0,"Mallet, Mr. Albert",31,37.0042,Mallet
819,0,"Holm, Mr. John Fredrik Alexander",43,6.45,Holm
820,0,"Skoog, Master. Karl Thorsten",10,27.9,Skoog
821,1,"Hays, Mrs. Charles Melville (Clara Jennings Gregg)",52,93.5,Hays
822,1,"Lulic, Mr. Nikola",27,8.6625,Lulic
823,0,"Reuchlin, Jonkheer. John George",38,0.0,Reuchlin
824,1,"Moor, Mrs. (Beila)",27,12.475,Moor
825,0,"Panula, Master. Urho Abraham",2,39.6875,Panula
826,0,"Flynn, Mr. John",,6.95,Flynn
827,0,"Lam, Mr. Len",,56.4958,Lam
828,1,"Mallet, Master. Andre",1,37.0042,Mallet
829,1,"McCormack, Mr. Thomas Joseph",,7.75,McCormack
830,1,"Stone, Mrs. George Nelson (Martha Evelyn)",62,80.0,Stone
831,1,"Yasbeck, Mrs. Antoni (Selini Alexander)",15,14.4542,Yasbeck
832,1,"Richards, Master. George Sibley",0.83,18.75,Richards
833,0,"Saad, Mr. Amin",,7.2292,Saad
834,0,"Augustsson, Mr. Albert",23,7.8542,Augustsson
835,0,"Allum, Mr. Owen George",18,8.3,Allum
836,1,"Compton, Miss. Sara Rebecca",39,83.1583,Compton
837,0,"Pasic, Mr. Jakob",21,8.6625,Pasic
838,0,"Sirota, Mr. Maurice",,8.05,Sirota
839,1,"Chip, Mr. Chang",32,56.4958,Chip
840,1,"Marechal, Mr. Pierre",,29.7,Marechal
841,0,"Alhomaki, Mr. Ilmari Rudolf",20,7.925,Alhomaki
842,0,"Mudd, Mr. Thomas Charles",16,10.5,Mudd
843,1,"Serepeca, Miss. Augusta",30,31.0,Serepeca
844,0,"Lemberopolous, Mr. Peter L",34.5,6.4375,Lemberopolous
845,0,"Culumovic, Mr. Jeso",17,8.6625,Culumovic
846,0,"Abbing, Mr. Anthony",42,7.55,Abbing
847,0,"Sage, Mr. Douglas Bullen",,69.55,Sage
848,0,"Markoff, Mr. Marin",35,7.8958,Markoff
849,0,"Harper, Rev. John",28,33.0,Harper
850,1,"Goldenberg, Mrs. Samuel L (Edwiga Grabowska)",,89.1042,Goldenberg
851,0,"Andersson, Master. Sigvard Harald Elias",4,31.275,Andersson
852,0,"Svensson, Mr. Johan",74,7.775,Svensson
853,0,"Boulos, Miss. Nourelain",9,15.2458,Boulos
854,1,"Lines, Miss. Mary Conover",16,39.4,Lines
855,0,"Carter, Mrs. Ernest Courtenay (Lilian Hughes)",44,26.0,Carter
856,1,"Aks, Mrs. Sam (Leah Rosen)",18,9.35,Aks
857,1,"Wick, Mrs. George Dennick (Mary Hitchcock)",45,164.8667,Wick
858,1,"Daly, Mr. Peter Denis",51,26.55,Daly
859,1,"Baclini, Mrs. Solomon (Latifa Qurban)",24,19.2583,Baclini
860,0,"Razi, Mr. Raihed",,7.2292,Razi
861,0,"Hansen, Mr. Claus Peter",41,14.1083,Hansen
862,0,"Giles, Mr. Frederick Edward",21,11.5,Giles
863,1,"Swift, Mrs. Frederick Joel (Margaret Welles Barron)",48,25.9292,Swift
864,0,"\"Sage, Miss. Dorothy Edith \"\"Dolly\"\"\"",,69.55,"\"Sage"
865,0,"Gill, Mr. John William",24,13.0,Gill
866,1,"Bystrom, Mrs. (Karolina)",42,13.0,Bystrom
867,1,"Duran y More, Miss. Asuncion",27,13.8583,Duran y More
868,0,"Roebling, Mr. Washington Augustus II",31,50.4958,Roebling
869,0,"van Melkebeke, Mr. Philemon",,9.5,van Melkebeke
870,1,"Johnson, Master. Harold Theodor",4,11.1333,Johnson
871,0,"Balkic, Mr. Cerin",26,7.8958,Balkic
872,1,"Beckwith, Mrs. Richard Leonard (Sallie Monypeny)",47,52.5542,Beckwith
873,0,"Carlsson, Mr. Frans Olof",33,5.0,Carlsson
874,0,"Vander Cruyssen, Mr. Victor",47,9.0,Vander Cruyssen
875,1,"Abelson, Mrs. Samuel (Hannah Wizosky)",28,24.0,Abelson
876,1,"\"Najib, Miss. Adele Kiamie \"\"Jane\"\"\"",15,7.225,"\"Najib"
877,0,"Gustafsson, Mr. Alfred Ossian",20,9.8458,Gustafsson
878,0,"Petroff, Mr. Nedelio",19,7.8958,Petroff
879,0,"Laleff, Mr. Kristo",,7.8958,Laleff
880,1,"Potter, Mrs. Thomas Jr (Lily Alexenia Wilson)",56,83.1583,Potter
881,1,"Shelley, Mrs. William (Imanita Parrish Hall)",25,26.0,Shelley
882,0,"Markun, Mr. Johann",33,7.8958,Markun
883,0,"Dahlberg, Miss. Gerda Ulrika",22,10.5167,Dahlberg
884,0,"Banfield, Mr. Frederick James",28,10.5,Banfield
885,0,"Sutehall, Mr. Henry Jr",25,7.05,Sutehall
886,0,"Rice, Mrs. William (Margaret Norton)",39,29.125,Rice
887,0,"Montvila, Rev. Juozas",27,13.0,Montvila
888,1,"Graham, Miss. Margaret Edith",19,30.0,Graham
889,0,"\"Johnston, Miss. Catherine Helen \"\"Carrie\"\"\"",,23.45,"\"Johnston"
890,1,"Behr, Mr. Karl Howell",26,30.0,Behr
891,0,"Dooley, Mr. Patrick",32,7.75,Dooley
